1SWheh84yJXfytovILXOAQ,Arizona Biltmore Golf Club,2818 E Camino Acequia Drive,Phoenix,hAZ,85016,33.5221425,-112.0184807,3.0,5,0,{GoodForKidsFalse},Golf, Active Life,null
xvX2CttrVhyG2z1dFg_0xw,Farmers Insurance - Paul Lorenz,15655 W Roosevelt St, Ste 237,Goodyear,AZ,85338,33.4556129678,-112.3955963552,5.0,3,1,null,Insurance, Financial Services,{Monday80-170}
HhyxOkGAM07SRYtlQ4wMFQ,Queen City Plumbing,4209 Stuart Andrew Blvd, Ste F,Charlotte,NC,28217,35.1900119,-80.8872232,4.0,4,1,{BusinessAccept),,{Monday70-230}
68dUKd8_8liJ7in4aWOSEA,The UPS Store,Credit Valley Town Plaza, F2 - 6045 Creditview Rd,Mississauga,ON,L5V 0B1,43.5994753,-79.7115835,2.5,3,1,
5JucpCfHZltJh5r1JabjDg,Edgeworxx Studio,20 Douglas Woods Drive Southeast,Calgary,AB,T2Z 1K4,50.9436456,-114.0018283,3.5,7,1,{RestaurantsPriceRange22,BusinessParking{'garage' False, 'street'},Beauty & Spas, Hair Salons,null
